﻿ID,Item,Item_fenci
0,HiPP喜宝有机Combiotic较大婴儿配方奶粉2段,HiPP|喜宝|有机|Combiotic|较大|婴儿|配方|奶粉|2段
1,HiPP喜宝有机Combiotic婴儿配方奶粉1段,HiPP|喜宝|有机|Combiotic|婴儿|配方|奶粉|1段
2,HiPP喜宝有机Combiotic幼儿配方奶粉3段,HiPP|喜宝|有机|Combiotic|幼儿|配方|奶粉|3段
3,HiPP喜宝有机婴幼儿5种谷物粉200g/盒,HiPP|喜宝|有机|婴幼儿|谷物|粉|200g
4,喜宝有机婴幼儿精选小米粉350g/盒,喜宝|有机|婴幼儿|精选|米粉|350g
5,HiPP喜宝有机婴幼儿大米粉200g/盒,HiPP|喜宝|有机|婴幼儿|米粉|200g
6,德国HiPP喜宝益生元婴幼儿奶粉2+段,德国|HiPP|喜宝|益生元|婴幼儿|奶粉
7,德国HiPP喜宝益生元婴幼儿奶粉2段,德国|HiPP|喜宝|益生元|婴幼儿|奶粉|2段
8,德国HiPP喜宝益生元婴幼儿乳奶粉1+段,德国|HiPP|喜宝|益生元|婴幼儿|乳|奶粉
9,喜宝吸吸乐苹果草莓香蕉口味100g/袋,喜宝|吸吸乐|苹果|草莓|香蕉|口味|100g
10,喜宝吸吸乐梨香蕉猕猴桃口味100g/袋,喜宝|吸吸乐|梨|香蕉|猕猴桃|口味|100g
11,喜宝吸吸乐苹果梨香蕉口味100g/袋,喜宝|吸吸乐|苹果梨|香蕉|口味|100g
12,喜宝吸吸乐苹果桃子莓果口味100g/袋,喜宝|吸吸乐|苹果|桃子|莓果|口味|100g
13,喜宝吸吸乐苹果芒果桃子口味100g/袋,喜宝|吸吸乐|苹果|芒果|桃子|口味|100g
14,喜宝吸吸乐梨苹果芒果百香果口味100g/袋,喜宝|吸吸乐|梨|苹果|芒果|百香果|口味|100g
15,喜宝有机奶粉2段800g,喜宝|有机|奶粉|2段|800g
16,德国HiPP喜宝有机奶粉3段_800g,德国|HiPP|喜宝|有机|奶粉|3段|800g
17,Purtier月见草核苷酸胶囊60粒/瓶,Purtier|月见草|核苷酸|胶囊
18,SoriaNatural森力亚天然铁源素口服液250ml/瓶,SoriaNatural|森力亚|天然|铁源素|口服液|250ml
19,SoriaNatural森力亚皇金肝口服液,SoriaNatural|森力亚|皇金肝|口服液
20,Swisse kids儿童脑部发育益智DHA软胶囊30粒,Swisse|kids|儿童|脑部|发育|益智|DHA|软胶囊
21,Swisse Ultiboost补铁片30片,Swisse|Ultiboost|补铁片
22,Swisse蔓越莓毛孔修复面膜70g,Swisse|蔓越莓|毛孔|修复|面膜|70g
23,Swisse黄瓜卸妆液300ml,Swisse|黄瓜|卸妆液|300ml
24,Swisse摩洛哥坚果抗老化眼霜15ml,Swisse|摩洛哥|坚果|抗老化|眼霜|15ml
25,胶原蛋白加透明质酸片,胶原蛋白|加|透明质|酸片
26,Swisse睡眠改善片100片,Swisse|睡眠|改善
27,Swisse深海鱼油软胶囊无腥味1500mg400粒新版,Swisse|深海鱼|油|软胶囊|腥味|1500mg|新版
28,Swisse维C泡腾片60片新,Swisse|维C|泡腾片|片新
29,Swisse钙+维生素D片150片,Swisse|钙|维生素D
30,Swisse葡萄糖胺片180片,Swisse|葡萄糖|胺片
31,Swisse婴幼儿DHA+EPA鱼油软胶囊新版60粒,Swisse|婴幼儿|DHA|EPA|鱼油|软胶囊|新版
32,Swisse婴幼儿柠檬酸钙D软胶囊60粒,Swisse|婴幼儿|柠檬酸|钙D|软胶囊
33,Swisse奶蓟草肝脏排毒片120片,Swisse|奶蓟草|肝脏|排毒
34,Swisse儿童骨骼成长咀嚼片50片,Swisse|儿童|骨骼|成长|咀嚼片
35,Swisse高强度蜂胶胶囊210粒,Swisse|高强度|蜂胶|胶囊
36,Swisse胶原蛋白液500ml,Swisse|胶原蛋白液|500ml
37,Swisse清肺片90片,Swisse|清肺
38,Swisse高强度蔓越莓胶囊25000mg30粒,Swisse|高强度|蔓越莓|胶囊|25000mg
39,Swisse月见草油胶囊200粒,Swisse|月见草|油|胶囊
40,Swisse Ultiboost补铁片30片,Swisse|Ultiboost|补铁片
41,Swisse男性复合维生素120片,Swisse|男性|复合|维生素
42,Swisse儿童复合维生素咀嚼片120,Swisse|儿童|复合|维生素|咀嚼片
43,Swisse葡萄籽精华片14250mg180片,Swisse|葡萄籽|精华|14250mg
44,Swisse女性复合维生素120片,Swisse|女性|复合|维生素
45,Swisse麦卢卡蜂蜜净化面膜50ml,Swisse|麦|卢卡|蜂蜜|净化|面膜|50ml
46,Swisse梅子味叶绿素液500ml,Swisse|梅子味|叶绿素液|500ml
47,Swisse辅酶Q10g胶囊150m50粒,Swisse|辅酶|Q10g|胶囊|150m50
48,Swisse婴幼儿柠檬酸钙D胶囊60粒,Swisse|婴幼儿|柠檬酸|钙D|胶囊
49,Swisse卵磷脂胶囊1200mg150粒,Swisse|卵磷脂|胶囊|1200mg
50,Swisse维C泡腾片60片,Swisse|维C|泡腾片
51,Swisse高强度西芹籽精华胶囊5000mg50粒,Swisse|高强度|西芹|籽|精华|胶囊|5000mg
52,Swisse婴幼儿维生素D3滴剂30ml,Swisse|婴幼儿|维生素D|滴剂|30ml
53,Swisse儿童益智鱼油咀嚼胶囊90粒,Swisse|儿童|益智|鱼油|咀嚼|胶囊
54,Swisse婴幼儿维生素D滴剂30ml,Swisse|婴幼儿|维生素D|滴剂|30ml
55,Swisse儿童复合维生素咀嚼片120片,Swisse|儿童|复合|维生素|咀嚼片
56,Swisse无腥味高强度野生鱼油胶囊1500mg400粒/盒,Swisse|腥味|高强度|野生|鱼油|胶囊|1500mg
57,Swisse无腥味高强度野生鱼油胶囊1500mg400粒,Swisse|腥味|高强度|野生|鱼油|胶囊|1500mg
58,Wyeth惠氏铂臻HMO配方奶粉900g1段0-6个月,Wyeth|惠氏|铂臻|HMO|配方|奶粉|900g|1段
59,Wyeth惠氏铂臻HMO配方奶粉900g2段6-12个月,Wyeth|惠氏|铂臻|HMO|配方|奶粉|900g|2段
60,Wyeth惠氏铂臻HMO配方奶粉900g3段1-3岁,Wyeth|惠氏|铂臻|HMO|配方|奶粉|900g|3段
61,爱智宝婴儿配方奶粉2段,爱智宝|婴儿|配方|奶粉|2段
62,安热沙金钻防晒霜SPF50+60ml/瓶,安热|沙金|钻|防晒霜|SPF50|60ml
63,芭乐雅玻尿酸精华晚霜,芭乐雅|玻尿酸|精华|晚霜
64,超品能量型维生素运动饮料--经典口味,超品|能量|维生素|运动|饮料|--|经典|口味
65,超品能量型维生素运动饮料--可乐口味,超品|能量|维生素|运动|饮料|--|可乐|口味
66,超品能量型维生素运动饮料--零度口味,超品|能量|维生素|运动|饮料|--|零度|口味
67,超品能量型维生素运动饮料--苹果口味,超品|能量|维生素|运动|饮料|--|苹果|口味
68,超品能量型维生素运动饮料--奇异果&柠檬口味,超品|能量|维生素|运动|饮料|--|奇异果|柠檬|口味
69,超品能量型维生素运动饮料--西瓜口味,超品|能量|维生素|运动|饮料|--|西瓜|口味
70,德国Doppelherz双心补铁口服液500ml/瓶,德国|Doppelherz|双心|补铁|口服液|500ml
71,德国HiPP喜宝益生元婴幼儿奶粉PRE段,德国|HiPP|喜宝|益生元|婴幼儿|奶粉|PRE
72,德国HiPP喜宝有机婴幼儿奶粉ab12+段,德国|HiPP|喜宝|有机|婴幼儿|奶粉|ab12
73,德国HiPP喜宝益生元婴幼儿奶粉3段,德国|HiPP|喜宝|益生元|婴幼儿|奶粉|3段
74,德国HiPP喜宝益生元婴幼儿奶粉1段,德国|HiPP|喜宝|益生元|婴幼儿|奶粉|1段
75,喜宝有机BIO1段,喜宝|有机|BIO|1段
76,喜宝有机奶粉Pre阶（17版）600g/盒,喜宝|有机|奶粉|Pre|阶|600g
77,德国Salus莎露斯Floradix有机红铁片126/盒,德国|Salus|莎露斯|Floradix|有机|红|铁片
78,德国Salus莎露斯补铁叶酸胶囊,德国|Salus|莎露斯|补铁|叶酸|胶囊
79,德国Salus莎露斯青少年补钙、维他命D3营养液250毫升/瓶,德国|Salus|莎露斯|青少年|补钙|维他命|D3|营养液|毫升
80,德国Salus莎露斯儿童铁元250mL,德国|Salus|莎露斯|儿童|铁元|250mL
81,德国Bambinchen蓝色星球婴幼儿羊奶粉1段400g,德国|Bambinchen|蓝色|星球|婴幼儿|羊奶粉|1段|400g
82,德国Bambinchen蓝色星球婴幼儿羊奶粉2段400g,德国|Bambinchen|蓝色|星球|婴幼儿|羊奶粉|2段|400g
83,德国Bambinchen蓝色星球婴幼儿羊奶粉ab12段400g,德国|Bambinchen|蓝色|星球|婴幼儿|羊奶粉|ab1|2段|400g
84,德国Salus莎露斯野玫瑰果天然氨糖软骨素口服液500ml/瓶,德国|Salus|莎露斯|野玫瑰|果|天然|氨糖|软骨素|口服液|500ml
85,德国Salus莎露斯Floradix铁元草本滋补液红元500ml/瓶,德国|Salus|莎露斯|Floradix|铁元|草本|滋补|液红元|500ml
86,德国世家律动抗敏甘露安瓶S,德国世家|律动|抗敏|甘露|安瓶|S
87,德国世家律动玫瑰日霜清爽型,德国世家|律动|玫瑰|日霜|清爽型
88,德国世家律动调理液,德国世家|律动|调理液
89,德国世家律动夜间甘露安瓶N,德国世家|律动|夜间|甘露|安瓶|N
90,德国世家香蜂草日霜,德国世家|香蜂草|日霜
91,德国世家夜间修护精华液,德国世家|夜间|修护|精华液
92,蒂佳婷灰色药丸水润面膜5片/盒,蒂佳婷|灰色|药丸|水润|面膜
93,蒂佳婷绿色药丸水润面膜5片/盒,蒂佳婷|绿色|药丸|水润|面膜
94,蒂佳婷蓝色药丸锁水面膜5片/盒,蒂佳婷|蓝色|药丸|锁水|面膜
95,菲仕乐烹饪计时器,菲仕乐|烹饪|计时器
96,菲仕乐味达维专业压力锅,菲仕乐味|达维|专业|压力锅
97,福腾宝CERADURPLUS系列中华炒锅,福腾宝|CERADURPLUS|系列|中华|炒锅
98,好奇（Huggies）婴儿纸尿裤铂金装韩国进口M72+4片,好奇|Huggies|婴儿|纸尿裤|铂金|韩国|进口|M72
99,好奇（Huggies）婴儿纸尿裤铂金装韩国进口XL44+4片,好奇|Huggies|婴儿|纸尿裤|铂金|韩国|进口|XL44
100,好奇（Huggies）婴儿纸尿裤铂金装韩国进口NB76+4片,好奇|Huggies|婴儿|纸尿裤|铂金|韩国|进口|NB76
101,好奇（Huggies）婴儿纸尿裤铂金装韩国进口S76+4片,好奇|Huggies|婴儿|纸尿裤|铂金|韩国|进口|S76
102,好奇(Huggies)成长裤魔术系列5段XL33片加大号尿不湿男宝13-18kg(韩国原装进口),好奇|Huggies|成长裤|魔术|系列|XL33|加大|号|尿不湿|男宝|18kg|韩国|原装|进口
103,好奇(Huggies)成长裤魔术系列4段L40片大号尿不湿男宝10-14kg(韩国原装进口),好奇|Huggies|成长裤|魔术|系列|L40|大号|尿不湿|男宝|14kg|韩国|原装|进口
104,好奇(Huggies)成长裤魔术系列4段L40片大号尿不湿女宝10-14kg(韩国原装进口),好奇|Huggies|成长裤|魔术|系列|L40|大号|尿不湿|女宝|14kg|韩国|原装|进口
105,贺本清小甘菊护手霜,贺本|清小|甘菊|护手霜
106,雅漾舒活泉喷雾,雅漾|舒|活泉|喷雾
107,皇家美素佳儿香港版成长配方奶粉3段800g/罐,皇家|美素|佳儿|香港|成长|配方|奶粉|3段|800g
108,皇家美素佳儿香港版成长配方奶粉4段800g/罐,皇家|美素|佳儿|香港|成长|配方|奶粉|800g
109,皇家美素佳儿香港版较大婴儿配方奶粉2段800g/罐,皇家|美素|佳儿|香港|较大|婴儿|配方|奶粉|2段|800g
110,皇家美素力香港版婴儿配方奶粉1段800g/罐,皇家|美素力|香港|婴儿|配方|奶粉|1段|800g
111,惠氏BABYNES较大婴儿配方奶粉5段26粒/盒港版,惠氏|BABYNES|较大|婴儿|配方|奶粉|港版
112,惠氏BABYNES较大婴儿配方奶粉6段26粒/盒港版,惠氏|BABYNES|较大|婴儿|配方|奶粉|港版
113,惠氏乳蛋白部分水解较大婴儿配方奶粉4段26粒/盒港版,惠氏|乳蛋白|部分水解|较大|婴儿|配方|奶粉|港版
114,惠氏BABYNES乳蛋白部分水解较大婴儿配方奶粉4段26粒/盒港版,惠氏|BABYNES|乳蛋白|部分水解|较大|婴儿|配方|奶粉|港版
115,惠氏BABYNES乳蛋白部分水解婴儿配方奶粉1段26粒/盒港版,惠氏|BABYNES|乳蛋白|部分水解|婴儿|配方|奶粉|1段|港版
116,惠氏BABYNES乳蛋白部分水解婴儿配方奶粉2段26粒/盒港版,惠氏|BABYNES|乳蛋白|部分水解|婴儿|配方|奶粉|2段|港版
117,惠氏乳蛋白部分水解婴儿配方奶粉2段26粒/盒港版,惠氏|乳蛋白|部分水解|婴儿|配方|奶粉|2段|港版
118,惠氏BABYNES乳蛋白部分水解婴儿配方奶粉3段26粒/盒港版,惠氏|BABYNES|乳蛋白|部分水解|婴儿|配方|奶粉|3段|港版
119,惠氏孕产妇配方奶粉(哺乳期)26粒/盒港版,惠氏|孕产妇|配方|奶粉|哺乳期|港版
120,惠氏乳蛋白部分水解婴儿配方奶粉1段26粒/盒港版,惠氏|乳蛋白|部分水解|婴儿|配方|奶粉|1段|港版
121,惠氏乳蛋白部分水解婴儿配方奶粉3段26粒/盒港版,惠氏|乳蛋白|部分水解|婴儿|配方|奶粉|3段|港版
122,惠氏孕产妇配方奶粉(孕期)26粒/盒港版,惠氏|孕产妇|配方|奶粉|孕期|港版
123,兰芝调色隔离霜SPF25粉色30ml/支,兰芝|调色|隔离霜|SPF25|粉色|30ml
124,兰芝调色隔离霜SPF25绿色30ml/支,兰芝|调色|隔离霜|SPF25|绿色|30ml
125,兰芝调色隔离霜SPF25紫色30ml/支,兰芝|调色|隔离霜|SPF25|紫色|30ml
126,满趣健草饲婴幼儿配方奶粉3段730g/罐,满趣|健草|饲|婴幼儿|配方|奶粉|3段|730g
127,美国雅培AbbottPureBliss婴幼儿奶粉(0-12个月)700g,美国|雅培|AbbottPureBliss|婴幼儿|奶粉|700g
128,美国雅培AbbottPureBliss婴幼儿奶粉(12-36个月)700g,美国|雅培|AbbottPureBliss|婴幼儿|奶粉|700g
129,瑞士雀巢婴幼儿配方奶粉超级白金版3段800g/罐,瑞士|雀巢|婴幼儿|配方|奶粉|超级|白金版|3段|800g
130,瑞士雀巢婴幼儿配方奶粉超级白金版2段800g/罐,瑞士|雀巢|婴幼儿|配方|奶粉|超级|白金版|2段|800g
131,雅培心美力幼儿配方奶粉2段,雅培|心美力|幼儿|配方|奶粉|2段
132,雅培心美力幼儿配方奶粉1段,雅培|心美力|幼儿|配方|奶粉|1段
133,雅培乳清蛋白部分水解婴儿配方奶粉2段,雅培|乳清|蛋白|部分水解|婴儿|配方|奶粉|2段
134,雅培心美力幼儿配方奶粉3段,雅培|心美力|幼儿|配方|奶粉|3段
135,雅培乳清蛋白部分水解婴儿配方奶粉3段,雅培|乳清|蛋白|部分水解|婴儿|配方|奶粉|3段
136,普贝缇伊丽莎白安妮儿童保湿润肤乳100ml,普贝|缇|伊丽莎白|安妮|儿童|保湿|润肤乳|100ml
137,普贝缇伊丽莎白安妮滋养柔顺洗发水125ml,普贝|缇|伊丽莎白|安妮|滋养|柔顺|洗发水|125ml
138,雀巢婴幼儿配方奶粉EVOLIAHA2段800g,雀巢|婴幼儿|配方|奶粉|EVOLIAHA|2段|800g
139,雀巢婴幼儿配方奶粉EVOLIAHA3段800g,雀巢|婴幼儿|配方|奶粉|EVOLIAHA|3段|800g
140,雀巢婴幼儿配方奶粉EVOLIAHA1段800g,雀巢|婴幼儿|配方|奶粉|EVOLIAHA|1段|800g
141,瑞士雀巢婴幼儿配方奶粉超级白金版1段800g/罐,瑞士|雀巢|婴幼儿|配方|奶粉|超级|白金版|1段|800g
142,施巴柔润保湿面霜,施巴|柔润|保湿|面霜
143,施巴婴儿身体乳,施巴|婴儿|身体|乳
144,双立人MT系列不锈钢皂,双立人|MT|系列|不锈钢|皂
145,双立人凯蒂猫儿童餐具,双立人|凯蒂|猫|儿童|餐具
146,双心多维叶黄素玉米黄素胶囊,双心|多维|叶黄素|玉米|黄素|胶囊
147,双心维生素C加锌泡腾片,双心|维生素C|加锌|泡腾片
148,喜宝HiPP小黄鸭婴儿洗手洗脸液填充装二合一250ml/瓶,喜宝|HiPP|小黄|鸭|婴儿|洗手|洗脸液|填充|二合一|250ml
149,喜宝HiPP小黄鸭子泡泡洗手洗脸液二合一250ml,喜宝|HiPP|小黄|鸭子|泡泡|洗手|洗脸液|二合一|250ml
150,喜宝HiPP婴幼儿童免敏小海狮儿童洗发沐浴乳二合一200ml,喜宝|HiPP|婴幼儿|童免|敏|海狮|儿童|洗发|沐浴乳|二合一|200ml
151,喜宝小乌龟儿童护肤霜100ml/瓶,喜宝|乌龟|儿童|护肤霜|100ml
152,喜力特PROFI系列炒锅,喜力特|PROFI|系列|炒锅
153,喜力特SELARASTONE系列炒锅,喜力特|SELARASTONE|系列|炒锅
154,雅培Alimentum深度水解婴儿配方奶粉1段,雅培|Alimentum|深度|水解|婴儿|配方|奶粉|1段
155,雅培粉末冲剂混合水果味1盒,雅培|粉末|冲剂|混合|水果味
156,雅培乳清蛋白部分水解婴儿配方奶粉1段,雅培|乳清|蛋白|部分水解|婴儿|配方|奶粉|1段
157,雅培心美力HMO乳蛋白部分水解较大婴儿配方奶粉2段820g/罐,雅培|心美力|HMO|乳蛋白|部分水解|较大|婴儿|配方|奶粉|2段|820g
158,雅培心美力HMO乳蛋白部分水解婴儿配方奶粉1段820g/罐,雅培|心美力|HMO|乳蛋白|部分水解|婴儿|配方|奶粉|1段|820g
159,雅培心美力HMO乳蛋白部分水解幼儿配方奶粉3段820g/罐,雅培|心美力|HMO|乳蛋白|部分水解|幼儿|配方|奶粉|3段|820g
160,雅培营养冲剂香橙味1盒,雅培|营养|冲剂|香橙味
161,英格拉姆护手霜75ml,英格拉姆|护手霜|75ml
